{
    "loss": 1.8652132749557495,
    "accuracy": 0.5232558250427246
}