{
    "loss": 9.709136009216309,
    "accuracy": 0.7093023061752319
}